,survival,pclass,sex,age,sibsp,parch,fare,embarked,class,who,adult_male,embark_town,alive,alone,family_size
0,0,3,male,0.3394149103491664,1,0,0.10461760461760462,S,Third,man,True,Southampton,no,False,1
2,1,3,female,0.4023277760301982,0,0,0.11435786435786435,S,Third,woman,False,Southampton,yes,True,0
3,1,1,female,0.5438817238125196,1,0,0.7662337662337663,S,First,woman,False,Southampton,yes,False,1
4,0,3,male,0.5438817238125196,0,0,0.11616161616161617,S,Third,man,True,Southampton,no,True,0
6,0,1,male,0.8427178357974205,0,0,0.7483766233766234,S,First,man,True,Southampton,no,True,0
7,0,3,male,0.02485058194400755,3,1,0.3041125541125541,S,Third,child,False,Southampton,no,False,4
8,1,3,female,0.4180559924504561,0,2,0.16065367965367966,S,Third,woman,False,Southampton,yes,False,2
9,1,2,female,0.21358917898710286,1,0,0.4339220779220779,C,Second,child,False,Cherbourg,yes,False,1
10,1,3,female,0.056307014784523435,1,1,0.24098124098124096,S,Third,child,False,Southampton,yes,False,2
11,1,1,female,0.9056307014784524,0,0,0.38311688311688313,S,First,woman,False,Southampton,yes,True,0
12,0,3,male,0.3079584775086505,0,0,0.11616161616161617,S,Third,man,True,Southampton,no,True,0
13,0,3,male,0.6067945894935515,1,5,0.45129870129870125,S,Third,man,True,Southampton,no,False,6
14,0,3,female,0.21358917898710286,0,0,0.11333621933621933,S,Third,child,False,Southampton,no,True,0
15,1,2,female,0.8584460522176786,0,0,0.23088023088023088,S,Second,woman,False,Southampton,yes,True,0
16,0,3,male,0.02485058194400755,4,1,0.4202741702741703,Q,Third,child,False,Queenstown,no,False,5
18,0,3,female,0.4809688581314879,1,0,0.2597402597402597,S,Third,woman,False,Southampton,no,False,1
20,0,2,male,0.5438817238125196,0,0,0.37518037518037517,S,Second,man,True,Southampton,no,True,0
21,1,2,male,0.5281535073922617,0,0,0.18759018759018758,S,Second,man,True,Southampton,yes,True,0
22,1,3,female,0.2293173954073608,0,0,0.11586147186147186,Q,Third,child,False,Queenstown,yes,True,0
23,1,1,male,0.43378420887071406,0,0,0.5122655122655123,S,First,man,True,Southampton,yes,True,0
24,0,3,female,0.1192198804655552,3,1,0.3041125541125541,S,Third,child,False,Southampton,no,False,4
25,1,3,female,0.5910663730732935,1,5,0.4529220779220779,S,Third,woman,False,Southampton,yes,False,6
30,0,1,male,0.6225228059138094,0,0,0.40001154401154404,C,First,man,True,Cherbourg,no,True,0
35,0,1,male,0.6539792387543253,1,0,0.7503607503607503,S,First,man,True,Southampton,no,False,1
37,0,3,male,0.3236866939289085,0,0,0.11616161616161617,S,Third,man,True,Southampton,no,True,0
38,0,3,female,0.27650204466813466,2,0,0.2597402597402597,S,Third,woman,False,Southampton,no,False,2
39,1,3,female,0.21358917898710286,1,0,0.1622178932178932,C,Third,child,False,Cherbourg,yes,False,1
40,0,3,female,0.6225228059138094,1,0,0.13672438672438672,S,Third,woman,False,Southampton,no,False,1
41,0,2,female,0.4180559924504561,1,0,0.30303030303030304,S,Second,woman,False,Southampton,no,False,1
43,1,2,female,0.04057879836426549,1,2,0.599988455988456,C,Second,child,False,Cherbourg,yes,False,3
44,1,3,female,0.29223026108839256,0,0,0.1136969696969697,Q,Third,woman,False,Queenstown,yes,True,0
49,0,3,female,0.27650204466813466,1,0,0.2568542568542569,S,Third,woman,False,Southampton,no,False,1
50,0,3,male,0.10349166404529726,4,1,0.5726911976911977,S,Third,child,False,Southampton,no,False,5
51,0,3,male,0.3236866939289085,0,0,0.11255411255411255,S,Third,man,True,Southampton,no,True,0
53,1,2,female,0.449512425290972,1,0,0.37518037518037517,S,Second,woman,False,Southampton,yes,False,1
56,1,2,female,0.3236866939289085,0,0,0.15151515151515152,S,Second,woman,False,Southampton,yes,True,0
57,0,3,male,0.441648317080843,0,0,0.10431746031746031,C,Third,man,True,Cherbourg,no,True,0
58,1,2,female,0.07203523120478138,1,2,0.4004329004329004,S,Second,child,False,Southampton,yes,False,3
59,0,3,male,0.16640452972632902,5,2,0.6767676767676768,S,Third,child,False,Southampton,no,False,7
60,0,3,male,0.3394149103491664,0,0,0.10431746031746031,C,Third,man,True,Cherbourg,no,True,0
63,0,3,male,0.056307014784523435,3,2,0.40259740259740256,S,Third,child,False,Southampton,no,False,5
66,1,2,female,0.449512425290972,0,0,0.15151515151515152,S,Second,woman,False,Southampton,yes,True,0
67,0,3,male,0.29223026108839256,0,0,0.11772438672438673,S,Third,man,True,Southampton,no,True,0
68,1,3,female,0.2607738282478767,4,2,0.11435786435786435,S,Third,woman,False,Southampton,yes,False,6
69,0,3,male,0.4023277760301982,2,0,0.125,S,Third,man,True,Southampton,no,False,2
70,0,2,male,0.49669707455174583,0,0,0.15151515151515152,S,Second,man,True,Southampton,no,True,0
71,0,3,female,0.24504561182761875,5,2,0.6767676767676768,S,Third,woman,False,Southampton,no,False,7
73,0,3,male,0.4023277760301982,1,0,0.20857431457431458,C,Third,man,True,Cherbourg,no,False,1
74,1,3,male,0.49669707455174583,0,0,0.8152352092352093,S,Third,man,True,Southampton,yes,True,0
75,0,3,male,0.38659955960994025,0,0,0.1103896103896104,S,Third,man,True,Southampton,no,True,0
78,1,2,male,0.006448568732305757,0,2,0.4184704184704185,S,Second,child,False,Southampton,yes,False,2
79,1,3,female,0.4652406417112299,0,0,0.18001443001443002,S,Third,woman,False,Southampton,yes,True,0
80,0,3,male,0.3394149103491664,0,0,0.12987012987012986,S,Third,man,True,Southampton,no,True,0
81,1,3,male,0.449512425290972,0,0,0.1370851370851371,S,Third,man,True,Southampton,yes,True,0
83,0,1,male,0.43378420887071406,0,0,0.6796536796536796,S,First,man,True,Southampton,no,True,0
84,1,2,female,0.2607738282478767,0,0,0.15151515151515152,S,Second,woman,False,Southampton,yes,True,0
85,1,3,female,0.5124252909720037,3,0,0.2287157287157287,S,Third,woman,False,Southampton,yes,False,3
86,0,3,male,0.24504561182761875,1,3,0.49603174603174605,S,Third,man,True,Southampton,no,False,4
89,0,3,male,0.3708713431896823,0,0,0.11616161616161617,S,Third,man,True,Southampton,no,True,0
90,0,3,male,0.449512425290972,0,0,0.11616161616161617,S,Third,man,True,Southampton,no,True,0
91,0,3,male,0.3079584775086505,0,0,0.11333621933621933,S,Third,man,True,Southampton,no,True,0
92,0,1,male,0.716892104435357,1,0,0.8827561327561327,S,First,man,True,Southampton,no,False,1
93,0,3,male,0.4023277760301982,1,2,0.2968975468975469,S,Third,man,True,Southampton,no,False,3
94,0,3,male,0.9213589178987103,0,0,0.10461760461760462,S,Third,man,True,Southampton,no,True,0
97,1,1,male,0.35514312676942433,0,1,0.9142611832611832,C,First,man,True,Cherbourg,yes,False,1
98,1,2,female,0.5281535073922617,0,1,0.3318903318903319,S,Second,woman,False,Southampton,yes,False,1
99,0,2,male,0.5281535073922617,1,0,0.37518037518037517,S,Second,man,True,Southampton,no,False,1
100,0,3,female,0.43378420887071406,0,0,0.11393650793650795,S,Third,woman,False,Southampton,no,True,0
103,0,3,male,0.5124252909720037,0,0,0.12488023088023087,S,Third,man,True,Southampton,no,True,0
104,0,3,male,0.5753381566530356,2,0,0.11435786435786435,S,Third,man,True,Southampton,no,False,2
105,0,3,male,0.43378420887071406,0,0,0.11393650793650795,S,Third,man,True,Southampton,no,True,0
106,1,3,female,0.3236866939289085,0,0,0.1103896103896104,S,Third,woman,False,Southampton,yes,True,0
108,0,3,male,0.5910663730732935,0,0,0.11393650793650795,S,Third,man,True,Southampton,no,True,0
110,0,1,male,0.732620320855615,0,0,0.7503607503607503,S,First,man,True,Southampton,no,True,0
111,0,3,female,0.22145328719723184,1,0,0.20857431457431458,C,Third,child,False,Cherbourg,no,False,1
112,0,3,male,0.3394149103491664,0,0,0.11616161616161617,S,Third,man,True,Southampton,no,True,0
113,0,3,female,0.3079584775086505,1,0,0.14177489177489178,S,Third,woman,False,Southampton,no,False,1
114,0,3,female,0.2607738282478767,0,0,0.20863347763347762,C,Third,woman,False,Cherbourg,no,True,0
115,0,3,male,0.3236866939289085,0,0,0.11435786435786435,S,Third,man,True,Southampton,no,True,0
117,0,2,male,0.449512425290972,1,0,0.30303030303030304,S,Second,man,True,Southampton,no,False,1
119,0,3,female,0.02485058194400755,4,2,0.45129870129870125,S,Third,child,False,Southampton,no,False,6
122,0,2,male,0.5045611827618748,1,0,0.4339220779220779,C,Second,man,True,Cherbourg,no,False,1
123,1,2,female,0.5045611827618748,0,0,0.18759018759018758,S,Second,woman,False,Southampton,yes,True,0
125,1,3,male,0.18213274614658698,1,0,0.1622178932178932,C,Third,child,False,Cherbourg,yes,False,1
127,1,3,male,0.3708713431896823,0,0,0.10305483405483405,S,Third,man,True,Southampton,yes,True,0
129,0,3,male,0.7011638880150991,0,0,0.10064935064935064,S,Third,man,True,Southampton,no,True,0
130,0,3,male,0.5124252909720037,0,0,0.11393650793650795,C,Third,man,True,Cherbourg,no,True,0
131,0,3,male,0.3079584775086505,0,0,0.10173160173160173,S,Third,man,True,Southampton,no,True,0
132,0,3,female,0.732620320855615,1,0,0.20923520923520925,S,Third,woman,False,Southampton,no,False,1
134,0,2,male,0.38659955960994025,0,0,0.18759018759018758,S,Second,man,True,Southampton,no,True,0
135,0,2,male,0.35514312676942433,0,0,0.21711111111111112,C,Second,man,True,Cherbourg,no,True,0
136,1,1,female,0.29223026108839256,0,2,0.37926839826839825,S,First,woman,False,Southampton,yes,False,2
137,0,1,male,0.5753381566530356,1,0,0.7662337662337663,S,First,man,True,Southampton,no,False,1
138,0,3,male,0.24504561182761875,0,0,0.132997113997114,S,Third,man,True,Southampton,no,True,0
141,1,3,female,0.3394149103491664,0,0,0.11183261183261184,S,Third,woman,False,Southampton,yes,True,0
142,1,3,female,0.3708713431896823,1,0,0.2287157287157287,S,Third,woman,False,Southampton,yes,False,1
143,0,3,male,0.29223026108839256,0,0,0.09740259740259741,Q,Third,man,True,Queenstown,no,True,0
144,0,2,male,0.27650204466813466,0,0,0.16594516594516595,S,Second,man,True,Southampton,no,True,0
145,0,2,male,0.29223026108839256,1,1,0.5303030303030303,S,Second,man,True,Southampton,no,False,2
146,1,3,male,0.4180559924504561,0,0,0.11249350649350649,S,Third,man,True,Southampton,yes,True,0
147,0,3,female,0.13494809688581316,2,2,0.49603174603174605,S,Third,child,False,Southampton,no,False,4
148,0,2,male,0.5674740484429066,0,2,0.37518037518037517,S,Second,man,True,Southampton,no,False,2
149,0,2,male,0.6539792387543253,0,0,0.18759018759018758,S,Second,man,True,Southampton,no,True,0
150,0,2,male,0.7955331865366467,0,0,0.18073593073593075,S,Second,man,True,Southampton,no,True,0
151,1,1,female,0.3394149103491664,1,0,0.9610389610389609,S,First,woman,False,Southampton,yes,False,1
152,0,3,male,0.8663101604278075,0,0,0.11616161616161617,S,Third,man,True,Southampton,no,True,0
153,0,3,male,0.6303869141239383,0,2,0.20923520923520925,S,Third,man,True,Southampton,no,False,2
155,0,1,male,0.7955331865366467,0,1,0.8857027417027417,C,First,man,True,Cherbourg,no,False,1
156,1,3,female,0.24504561182761875,0,0,0.11159163059163059,Q,Third,woman,False,Queenstown,yes,True,0
157,0,3,male,0.4652406417112299,0,0,0.11616161616161617,S,Third,man,True,Southampton,no,True,0
160,0,3,male,0.6854356715948411,0,1,0.23232323232323235,S,Third,man,True,Southampton,no,False,1
161,1,2,female,0.6225228059138094,0,0,0.22727272727272727,S,Second,woman,False,Southampton,yes,True,0
162,0,3,male,0.4023277760301982,0,0,0.11219336219336219,S,Third,man,True,Southampton,no,True,0
163,0,3,male,0.2607738282478767,0,0,0.125,S,Third,man,True,Southampton,no,True,0
164,0,3,male,0.009122365523749607,4,1,0.5726911976911977,S,Third,child,False,Southampton,no,False,5
165,1,3,male,0.13494809688581316,0,2,0.29617604617604615,S,Third,child,False,Southampton,yes,False,2
167,0,3,female,0.7011638880150991,1,4,0.40259740259740256,S,Third,woman,False,Southampton,no,False,5
169,0,3,male,0.43378420887071406,0,0,0.8152352092352093,S,Third,man,True,Southampton,no,True,0
170,0,1,male,0.9528153507392262,0,0,0.4834054834054834,S,First,man,True,Southampton,no,True,0
171,0,3,male,0.056307014784523435,4,1,0.4202741702741703,Q,Third,child,False,Queenstown,no,False,5
172,1,3,female,0.009122365523749607,1,1,0.16065367965367966,S,Third,child,False,Southampton,yes,False,2
174,0,1,male,0.8741742686379365,0,0,0.4429408369408369,C,First,man,True,Cherbourg,no,True,0
175,0,3,male,0.27650204466813466,1,1,0.11333621933621933,S,Third,man,True,Southampton,no,False,2
177,0,1,female,0.7798049701163888,0,0,0.4143217893217893,C,First,woman,False,Cherbourg,no,True,0
178,0,2,male,0.4652406417112299,0,0,0.18759018759018758,S,Second,man,True,Southampton,no,True,0
179,0,3,male,0.5596099402327777,0,0,0.0,S,Third,man,True,Southampton,no,True,0
182,0,3,male,0.13494809688581316,4,2,0.4529220779220779,S,Third,child,False,Southampton,no,False,6
183,1,2,male,0.009122365523749607,2,1,0.5627705627705628,S,Second,child,False,Southampton,yes,False,3
184,1,3,female,0.056307014784523435,0,2,0.3178210678210678,S,Third,child,False,Southampton,yes,False,2
187,1,1,male,0.7011638880150991,0,0,0.38311688311688313,S,First,man,True,Southampton,yes,True,0
188,0,3,male,0.6225228059138094,1,1,0.22366522366522368,Q,Third,man,True,Queenstown,no,False,2
189,0,3,male,0.5596099402327777,0,0,0.11393650793650795,S,Third,man,True,Southampton,no,True,0
190,1,2,female,0.49669707455174583,0,0,0.18759018759018758,S,Second,woman,False,Southampton,yes,True,0
191,0,2,male,0.29223026108839256,0,0,0.18759018759018758,S,Second,man,True,Southampton,no,True,0
192,1,3,female,0.29223026108839256,1,0,0.11333621933621933,S,Third,woman,False,Southampton,yes,False,1
193,1,2,male,0.04057879836426549,1,1,0.37518037518037517,S,Second,child,False,Southampton,yes,False,2
194,1,1,female,0.6854356715948411,0,0,0.40001154401154404,C,First,woman,False,Cherbourg,yes,True,0
197,0,3,male,0.6539792387543253,0,1,0.12127272727272727,S,Third,man,True,Southampton,no,False,1
199,0,2,female,0.3708713431896823,0,0,0.18759018759018758,S,Second,woman,False,Southampton,no,True,0
200,0,3,male,0.43378420887071406,0,0,0.1370851370851371,S,Third,man,True,Southampton,no,True,0
202,0,3,male,0.5281535073922617,0,0,0.09373448773448774,S,Third,man,True,Southampton,no,True,0
203,0,3,male,0.709027996225228,0,0,0.10425685425685426,C,Third,man,True,Cherbourg,no,True,0
204,1,3,male,0.27650204466813466,0,0,0.11616161616161617,S,Third,man,True,Southampton,yes,True,0
205,0,3,female,0.02485058194400755,0,1,0.15097402597402598,S,Third,child,False,Southampton,no,False,1
206,0,3,male,0.49669707455174583,1,0,0.2287157287157287,S,Third,man,True,Southampton,no,False,1
207,1,3,male,0.4023277760301982,0,0,0.2711038961038961,C,Third,man,True,Cherbourg,yes,True,0
208,1,3,female,0.24504561182761875,0,0,0.11183261183261184,Q,Third,woman,False,Queenstown,yes,True,0
209,1,1,male,0.6225228059138094,0,0,0.44733044733044736,C,First,man,True,Cherbourg,yes,True,0
210,0,3,male,0.3708713431896823,0,0,0.10173160173160173,S,Third,man,True,Southampton,no,True,0
211,1,2,female,0.5438817238125196,0,0,0.30303030303030304,S,Second,woman,False,Southampton,yes,True,0
212,0,3,male,0.3394149103491664,0,0,0.10461760461760462,S,Third,man,True,Southampton,no,True,0
216,1,3,female,0.4180559924504561,0,0,0.11435786435786435,S,Third,woman,False,Southampton,yes,True,0
217,0,2,male,0.6539792387543253,1,0,0.38961038961038963,S,Second,man,True,Southampton,no,False,1
219,0,2,male,0.4652406417112299,0,0,0.15151515151515152,S,Second,man,True,Southampton,no,True,0
220,1,3,male,0.24504561182761875,0,0,0.11616161616161617,S,Third,man,True,Southampton,yes,True,0
221,0,2,male,0.4180559924504561,0,0,0.18759018759018758,S,Second,man,True,Southampton,no,True,0
222,0,3,male,0.7955331865366467,0,0,0.11616161616161617,S,Third,man,True,Southampton,no,True,0
225,0,3,male,0.3394149103491664,0,0,0.1349206349206349,S,Third,man,True,Southampton,no,True,0
226,1,2,male,0.29223026108839256,0,0,0.15151515151515152,S,Second,man,True,Southampton,yes,True,0
227,0,3,male,0.31582258571877947,0,0,0.10461760461760462,S,Third,man,True,Southampton,no,True,0
228,0,2,male,0.27650204466813466,0,0,0.18759018759018758,S,Second,man,True,Southampton,no,True,0
231,0,3,male,0.449512425290972,0,0,0.11219336219336219,S,Third,man,True,Southampton,no,True,0
232,0,2,male,0.9213589178987103,0,0,0.19480519480519481,S,Second,man,True,Southampton,no,True,0
233,1,3,female,0.07203523120478138,4,2,0.4529220779220779,S,Third,child,False,Southampton,yes,False,6
234,0,2,male,0.3708713431896823,0,0,0.15151515151515152,S,Second,man,True,Southampton,no,True,0
236,0,2,male,0.6854356715948411,1,0,0.37518037518037517,S,Second,man,True,Southampton,no,False,1
237,1,2,female,0.1192198804655552,0,2,0.3787878787878788,S,Second,child,False,Southampton,yes,False,2
238,0,2,male,0.29223026108839256,0,0,0.15151515151515152,S,Second,man,True,Southampton,no,True,0
239,0,2,male,0.5124252909720037,0,0,0.17712842712842713,S,Second,man,True,Southampton,no,True,0
242,0,2,male,0.449512425290972,0,0,0.15151515151515152,S,Second,man,True,Southampton,no,True,0
243,0,3,male,0.3394149103491664,0,0,0.10281385281385282,S,Third,man,True,Southampton,no,True,0
244,0,3,male,0.4652406417112299,0,0,0.10425685425685426,C,Third,man,True,Cherbourg,no,True,0
246,0,3,female,0.38659955960994025,0,0,0.11219336219336219,S,Third,woman,False,Southampton,no,True,0
247,1,2,female,0.3708713431896823,0,2,0.20923520923520925,S,Second,woman,False,Southampton,yes,False,2
248,1,1,male,0.5753381566530356,1,1,0.7583578643578643,S,First,man,True,Southampton,yes,False,2
249,0,2,male,0.8427178357974205,1,0,0.37518037518037517,S,Second,man,True,Southampton,no,False,1
251,0,3,female,0.449512425290972,1,1,0.15097402597402598,S,Third,woman,False,Southampton,no,False,2
252,0,1,male,0.9685435671594841,0,0,0.38311688311688313,S,First,man,True,Southampton,no,True,0
253,0,3,male,0.4652406417112299,1,0,0.23232323232323235,S,Third,man,True,Southampton,no,False,1
254,0,3,female,0.6382510223340673,0,2,0.29166666666666663,S,Third,woman,False,Southampton,no,False,2
255,1,3,female,0.449512425290972,0,2,0.219997113997114,C,Third,woman,False,Cherbourg,yes,False,2
259,1,2,female,0.7798049701163888,0,1,0.37518037518037517,S,Second,woman,False,Southampton,yes,False,1
261,1,3,male,0.04057879836426549,4,2,0.4529220779220779,S,Third,child,False,Southampton,yes,False,6
263,0,1,male,0.6225228059138094,0,0,0.0,S,First,man,True,Southampton,no,True,0
265,0,2,male,0.5596099402327777,0,0,0.15151515151515152,S,Second,man,True,Southampton,no,True,0
266,0,3,male,0.24504561182761875,4,1,0.5726911976911977,S,Third,man,True,Southampton,no,False,5
267,1,3,male,0.38659955960994025,1,0,0.11219336219336219,S,Third,man,True,Southampton,yes,False,1
271,1,3,male,0.38659955960994025,0,0,0.0,S,Third,man,True,Southampton,yes,True,0
272,1,2,female,0.6382510223340673,0,1,0.2813852813852814,S,Second,woman,False,Southampton,yes,False,1
273,0,1,male,0.5753381566530356,0,1,0.42857142857142855,C,First,man,True,Cherbourg,no,False,1
276,0,3,female,0.7011638880150991,0,0,0.11183261183261184,S,Third,woman,False,Southampton,no,True,0
278,0,3,male,0.10349166404529726,4,1,0.4202741702741703,Q,Third,child,False,Queenstown,no,False,5
279,1,3,female,0.5438817238125196,1,1,0.2922077922077922,S,Third,woman,False,Southampton,yes,False,2
281,0,3,male,0.43378420887071406,0,0,0.11333621933621933,S,Third,man,True,Southampton,no,True,0
282,0,3,male,0.24504561182761875,0,0,0.1370851370851371,S,Third,man,True,Southampton,no,True,0
283,1,3,male,0.29223026108839256,0,0,0.11616161616161617,S,Third,man,True,Southampton,yes,True,0
285,0,3,male,0.5124252909720037,0,0,0.125,C,Third,man,True,Cherbourg,no,True,0
286,1,3,male,0.4652406417112299,0,0,0.1370851370851371,S,Third,man,True,Southampton,yes,True,0
287,0,3,male,0.3394149103491664,0,0,0.11393650793650795,S,Third,man,True,Southampton,no,True,0
288,1,2,male,0.6539792387543253,0,0,0.18759018759018758,S,Second,man,True,Southampton,yes,True,0
289,1,3,female,0.3394149103491664,0,0,0.11183261183261184,Q,Third,woman,False,Queenstown,yes,True,0
292,0,2,male,0.5596099402327777,0,0,0.18578643578643578,C,Second,man,True,Cherbourg,no,True,0
293,0,3,female,0.3708713431896823,0,0,0.1277056277056277,S,Third,woman,False,Southampton,no,True,0
294,0,3,male,0.3708713431896823,0,0,0.11393650793650795,S,Third,man,True,Southampton,no,True,0
296,0,3,male,0.36300723497955334,0,0,0.10431746031746031,C,Third,man,True,Cherbourg,no,True,0
302,0,3,male,0.29223026108839256,0,0,0.0,S,Third,man,True,Southampton,no,True,0
308,0,2,male,0.4652406417112299,1,0,0.3463203463203463,C,Second,man,True,Cherbourg,no,False,1
309,1,1,female,0.4652406417112299,0,0,0.8214891774891775,C,First,woman,False,Cherbourg,yes,True,0
312,0,2,female,0.4023277760301982,1,1,0.37518037518037517,S,Second,woman,False,Southampton,no,False,2
314,0,2,male,0.6697074551745832,1,1,0.3787878787878788,S,Second,man,True,Southampton,no,False,2
315,1,3,female,0.4023277760301982,0,0,0.11333621933621933,S,Third,woman,False,Southampton,yes,True,0
316,1,2,female,0.3708713431896823,1,0,0.37518037518037517,S,Second,woman,False,Southampton,yes,False,1
317,0,2,male,0.8427178357974205,0,0,0.20202020202020202,S,Second,man,True,Southampton,no,True,0
321,0,3,male,0.4180559924504561,0,0,0.11393650793650795,S,Third,man,True,Southampton,no,True,0
322,1,2,female,0.4652406417112299,0,0,0.1782106782106782,Q,Second,woman,False,Queenstown,yes,True,0
323,1,2,female,0.3394149103491664,1,1,0.4184704184704185,S,Second,woman,False,Southampton,yes,False,2
326,0,3,male,0.9528153507392262,0,0,0.09000721500721501,S,Third,man,True,Southampton,no,True,0
327,1,2,female,0.5596099402327777,0,0,0.18759018759018758,S,Second,woman,False,Southampton,yes,True,0
328,1,3,female,0.4809688581314879,1,1,0.29617604617604615,S,Third,woman,False,Southampton,yes,False,2
329,1,1,female,0.24504561182761875,0,1,0.8366406926406926,C,First,woman,False,Cherbourg,yes,False,1
331,0,1,male,0.709027996225228,0,0,0.41125541125541126,S,First,man,True,Southampton,no,True,0
333,0,3,male,0.24504561182761875,2,0,0.2597402597402597,S,Third,man,True,Southampton,no,False,2
336,0,1,male,0.449512425290972,1,0,0.9610389610389609,S,First,man,True,Southampton,no,False,1
338,1,3,male,0.7011638880150991,0,0,0.11616161616161617,S,Third,man,True,Southampton,yes,True,0
339,0,1,male,0.7011638880150991,0,0,0.5122655122655123,S,First,man,True,Southampton,no,True,0
340,1,2,male,0.02485058194400755,1,1,0.37518037518037517,S,Second,child,False,Southampton,yes,False,2
342,0,2,male,0.43378420887071406,0,0,0.18759018759018758,S,Second,man,True,Southampton,no,True,0
344,0,2,male,0.5596099402327777,0,0,0.18759018759018758,S,Second,man,True,Southampton,no,True,0
345,1,2,female,0.3708713431896823,0,0,0.18759018759018758,S,Second,woman,False,Southampton,yes,True,0
346,1,2,female,0.6225228059138094,0,0,0.18759018759018758,S,Second,woman,False,Southampton,yes,True,0
348,1,3,male,0.04057879836426549,1,1,0.22943722943722944,S,Third,child,False,Southampton,yes,False,2
349,0,3,male,0.6539792387543253,0,0,0.125,S,Third,man,True,Southampton,no,True,0
350,0,3,male,0.35514312676942433,0,0,0.1331168831168831,S,Third,man,True,Southampton,no,True,0
352,0,3,male,0.2293173954073608,1,1,0.10431746031746031,C,Third,child,False,Cherbourg,no,False,2
353,0,3,male,0.38659955960994025,1,0,0.2568542568542569,S,Third,man,True,Southampton,no,False,1
356,1,1,female,0.3394149103491664,0,1,0.7936507936507936,S,First,woman,False,Southampton,yes,False,1
357,0,2,female,0.5910663730732935,0,0,0.18759018759018758,S,Second,woman,False,Southampton,no,True,0
360,0,3,male,0.6225228059138094,1,4,0.40259740259740256,S,Third,man,True,Southampton,no,False,5
361,0,2,male,0.449512425290972,1,0,0.40001154401154404,C,Second,man,True,Cherbourg,no,False,1
362,0,3,female,0.7011638880150991,0,1,0.20857431457431458,C,Third,woman,False,Cherbourg,no,False,1
363,0,3,male,0.5438817238125196,0,0,0.10173160173160173,S,Third,man,True,Southampton,no,True,0
365,0,3,male,0.4652406417112299,0,0,0.10461760461760462,S,Third,man,True,Southampton,no,True,0
369,1,1,female,0.3708713431896823,0,0,1.0,C,First,woman,False,Cherbourg,yes,True,0
370,1,1,male,0.38659955960994025,1,0,0.800024531024531,C,First,man,True,Cherbourg,yes,False,1
371,0,3,male,0.27650204466813466,1,0,0.09373448773448774,S,Third,man,True,Southampton,no,False,1
372,0,3,male,0.29223026108839256,0,0,0.11616161616161617,S,Third,man,True,Southampton,no,True,0
374,0,3,female,0.04057879836426549,3,1,0.3041125541125541,S,Third,child,False,Southampton,no,False,4
376,1,3,female,0.3394149103491664,0,0,0.10461760461760462,S,Third,woman,False,Southampton,yes,True,0
378,0,3,male,0.3079584775086505,0,0,0.057900432900432904,C,Third,man,True,Cherbourg,no,True,0
379,0,3,male,0.29223026108839256,0,0,0.11219336219336219,S,Third,man,True,Southampton,no,True,0
381,1,3,female,0.009122365523749607,0,2,0.22715295815295816,C,Third,child,False,Cherbourg,yes,False,2
382,0,3,male,0.49669707455174583,0,0,0.11435786435786435,S,Third,man,True,Southampton,no,True,0
383,1,1,female,0.5438817238125196,1,0,0.7503607503607503,S,First,woman,False,Southampton,yes,False,1
386,0,3,male,0.009122365523749607,5,2,0.6767676767676768,S,Third,child,False,Southampton,no,False,7
389,1,2,female,0.2607738282478767,0,0,0.17316017316017315,C,Second,woman,False,Cherbourg,yes,True,0
391,1,3,male,0.3236866939289085,0,0,0.11249350649350649,S,Third,man,True,Southampton,yes,True,0
392,0,3,male,0.43378420887071406,2,0,0.11435786435786435,S,Third,man,True,Southampton,no,False,2
394,1,3,female,0.3708713431896823,0,2,0.24098124098124096,S,Third,woman,False,Southampton,yes,False,2
395,0,3,male,0.3394149103491664,0,0,0.11249350649350649,S,Third,man,True,Southampton,no,True,0
396,0,3,female,0.4809688581314879,0,0,0.11333621933621933,S,Third,woman,False,Southampton,no,True,0
397,0,2,male,0.716892104435357,0,0,0.37518037518037517,S,Second,man,True,Southampton,no,True,0
398,0,2,male,0.35514312676942433,0,0,0.15151515151515152,S,Second,man,True,Southampton,no,True,0
399,1,2,female,0.43378420887071406,0,0,0.18253968253968256,S,Second,woman,False,Southampton,yes,True,0
400,1,3,male,0.6067945894935515,0,0,0.11435786435786435,S,Third,man,True,Southampton,yes,True,0
401,0,3,male,0.4023277760301982,0,0,0.11616161616161617,S,Third,man,True,Southampton,no,True,0
402,0,3,female,0.3236866939289085,1,0,0.14177489177489178,S,Third,woman,False,Southampton,no,False,1
403,0,3,male,0.43378420887071406,1,0,0.2287157287157287,S,Third,man,True,Southampton,no,False,1
404,0,3,female,0.3079584775086505,0,0,0.125,S,Third,woman,False,Southampton,no,True,0
405,0,2,male,0.5281535073922617,1,0,0.30303030303030304,S,Second,man,True,Southampton,no,False,1
406,0,3,male,0.7955331865366467,0,0,0.11183261183261184,S,Third,man,True,Southampton,no,True,0
407,1,2,male,0.04057879836426549,1,1,0.27056277056277056,S,Second,child,False,Southampton,yes,False,2
408,0,3,male,0.3236866939289085,0,0,0.11219336219336219,S,Third,man,True,Southampton,no,True,0
414,1,3,male,0.6854356715948411,0,0,0.11435786435786435,S,Third,man,True,Southampton,yes,True,0
416,1,2,female,0.5281535073922617,1,1,0.468975468975469,S,Second,woman,False,Southampton,yes,False,2
417,1,2,female,0.27650204466813466,0,2,0.18759018759018758,S,Second,woman,False,Southampton,yes,False,2
419,0,3,female,0.1506763133060711,0,2,0.34848484848484845,S,Third,child,False,Southampton,no,False,2
421,0,3,male,0.3236866939289085,0,0,0.11159163059163059,Q,Third,man,True,Queenstown,no,True,0
422,0,3,male,0.449512425290972,0,0,0.11363636363636363,S,Third,man,True,Southampton,no,True,0
423,0,3,female,0.43378420887071406,1,1,0.2077922077922078,S,Third,woman,False,Southampton,no,False,2
424,0,3,male,0.27650204466813466,1,1,0.29166666666666663,S,Third,man,True,Southampton,no,False,2
426,1,2,female,0.43378420887071406,1,0,0.37518037518037517,S,Second,woman,False,Southampton,yes,False,1
427,1,2,female,0.29223026108839256,0,0,0.37518037518037517,S,Second,woman,False,Southampton,yes,True,0
429,1,3,male,0.49669707455174583,0,0,0.11616161616161617,S,Third,man,True,Southampton,yes,True,0
430,1,1,male,0.43378420887071406,0,0,0.38311688311688313,S,First,man,True,Southampton,yes,True,0
432,1,2,female,0.6539792387543253,1,0,0.37518037518037517,S,Second,woman,False,Southampton,yes,False,1
433,0,3,male,0.2607738282478767,0,0,0.10281385281385282,S,Third,man,True,Southampton,no,True,0
434,0,1,male,0.7798049701163888,1,0,0.8066378066378066,S,First,man,True,Southampton,no,False,1
436,0,3,female,0.3236866939289085,2,2,0.49603174603174605,S,Third,woman,False,Southampton,no,False,4
437,1,2,female,0.3708713431896823,2,3,0.27056277056277056,S,Second,woman,False,Southampton,yes,False,5
439,0,2,male,0.4809688581314879,0,0,0.15151515151515152,S,Second,man,True,Southampton,no,True,0
440,1,2,female,0.7011638880150991,1,1,0.3787878787878788,S,Second,woman,False,Southampton,yes,False,2
441,0,3,male,0.3079584775086505,0,0,0.1370851370851371,S,Third,man,True,Southampton,no,True,0
442,0,3,male,0.38659955960994025,1,0,0.11219336219336219,S,Third,man,True,Southampton,no,False,1
443,1,2,female,0.43378420887071406,0,0,0.18759018759018758,S,Second,woman,False,Southampton,yes,True,0
446,1,2,female,0.19786096256684493,0,1,0.2813852813852814,S,Second,child,False,Southampton,yes,False,1
447,1,1,male,0.5281535073922617,0,0,0.38311688311688313,S,First,man,True,Southampton,yes,True,0
448,1,3,female,0.07203523120478138,2,1,0.27789754689754687,C,Third,child,False,Cherbourg,yes,False,3
449,1,1,male,0.8112614029569047,0,0,0.4401154401154401,S,First,man,True,Southampton,yes,True,0
450,0,2,male,0.5596099402327777,1,2,0.4004329004329004,S,Second,man,True,Southampton,no,False,3
452,0,1,male,0.4652406417112299,0,0,0.4004329004329004,C,First,man,True,Cherbourg,no,True,0
455,1,3,male,0.449512425290972,0,0,0.11393650793650795,C,Third,man,True,Cherbourg,yes,True,0
458,1,2,female,0.7798049701163888,0,0,0.15151515151515152,S,Second,woman,False,Southampton,yes,True,0
460,1,1,male,0.7483485372758729,0,0,0.38311688311688313,S,First,man,True,Southampton,yes,True,0
461,0,3,male,0.5281535073922617,0,0,0.11616161616161617,S,Third,man,True,Southampton,no,True,0
462,0,1,male,0.732620320855615,0,0,0.5555555555555556,S,First,man,True,Southampton,no,True,0
463,0,2,male,0.7483485372758729,0,0,0.18759018759018758,S,Second,man,True,Southampton,no,True,0
465,0,3,male,0.5910663730732935,0,0,0.10173160173160173,S,Third,man,True,Southampton,no,True,0
467,0,1,male,0.8741742686379365,0,0,0.38311688311688313,S,First,man,True,Southampton,no,True,0
469,1,3,female,0.005190311418685122,2,1,0.27789754689754687,C,Third,child,False,Cherbourg,yes,False,3
471,0,3,male,0.5910663730732935,0,0,0.125,S,Third,man,True,Southampton,no,True,0
472,1,2,female,0.5124252909720037,1,2,0.4004329004329004,S,Second,woman,False,Southampton,yes,False,3
473,1,2,female,0.35514312676942433,0,0,0.19901443001443003,C,Second,woman,False,Cherbourg,yes,True,0
474,0,3,female,0.3394149103491664,0,0,0.14195526695526697,S,Third,woman,False,Southampton,no,True,0
477,0,3,male,0.449512425290972,1,0,0.10167099567099566,S,Third,man,True,Southampton,no,False,1
478,0,3,male,0.3394149103491664,0,0,0.10852525252525252,S,Third,man,True,Southampton,no,True,0
479,1,3,female,0.02485058194400755,0,1,0.1773088023088023,S,Third,child,False,Southampton,yes,False,1
480,0,3,male,0.13494809688581316,5,2,0.6767676767676768,S,Third,child,False,Southampton,no,False,7
482,0,3,male,0.7798049701163888,0,0,0.11616161616161617,S,Third,man,True,Southampton,no,True,0
483,1,3,female,0.9842717835797421,0,0,0.13834776334776336,S,Third,woman,False,Southampton,yes,True,0
487,0,1,male,0.9056307014784524,0,0,0.42857142857142855,C,First,man,True,Cherbourg,no,True,0
489,1,3,male,0.13494809688581316,1,1,0.22943722943722944,S,Third,child,False,Southampton,yes,False,2
491,0,3,male,0.3236866939289085,0,0,0.10461760461760462,S,Third,man,True,Southampton,no,True,0
492,0,1,male,0.8584460522176786,0,0,0.4401154401154401,S,First,man,True,Southampton,no,True,0
499,0,3,male,0.3708713431896823,0,0,0.11249350649350649,S,Third,man,True,Southampton,no,True,0
501,0,3,female,0.3236866939289085,0,0,0.11183261183261184,Q,Third,woman,False,Queenstown,no,True,0
503,0,3,female,0.5753381566530356,0,0,0.13834776334776336,S,Third,woman,False,Southampton,no,True,0
506,1,2,female,0.5124252909720037,0,2,0.37518037518037517,S,Second,woman,False,Southampton,yes,False,2
508,0,3,male,0.43378420887071406,0,0,0.325036075036075,S,Third,man,True,Southampton,no,True,0
509,1,3,male,0.4023277760301982,0,0,0.8152352092352093,S,Third,man,True,Southampton,yes,True,0
510,1,3,male,0.449512425290972,0,0,0.11183261183261184,Q,Third,man,True,Queenstown,yes,True,0
512,1,1,male,0.5596099402327777,0,0,0.37932900432900435,S,First,man,True,Southampton,yes,True,0
513,1,1,female,0.8427178357974205,1,0,0.8571428571428571,C,First,woman,False,Cherbourg,yes,False,1
514,0,3,male,0.3708713431896823,0,0,0.10816450216450217,S,Third,man,True,Southampton,no,True,0
515,0,1,male,0.732620320855615,0,0,0.4909206349206349,S,First,man,True,Southampton,no,True,0
516,1,2,female,0.5281535073922617,0,0,0.15151515151515152,S,Second,woman,False,Southampton,yes,True,0
518,1,2,female,0.5596099402327777,1,0,0.37518037518037517,S,Second,woman,False,Southampton,yes,False,1
519,0,3,male,0.49669707455174583,0,0,0.11393650793650795,S,Third,man,True,Southampton,no,True,0
523,1,1,female,0.6854356715948411,0,1,0.8366406926406926,C,First,woman,False,Cherbourg,yes,False,1
525,0,3,male,0.6303869141239383,0,0,0.11183261183261184,Q,Third,man,True,Queenstown,no,True,0
528,0,3,male,0.6067945894935515,0,0,0.11435786435786435,S,Third,man,True,Southampton,no,True,0
529,0,2,male,0.35514312676942433,2,1,0.16594516594516595,S,Second,man,True,Southampton,no,False,3
530,1,2,female,0.02485058194400755,1,1,0.37518037518037517,S,Second,child,False,Southampton,yes,False,2
532,0,3,male,0.2607738282478767,1,1,0.10431746031746031,C,Third,man,True,Cherbourg,no,False,2
534,0,3,female,0.4652406417112299,0,0,0.125,S,Third,woman,False,Southampton,no,True,0
535,1,2,female,0.10349166404529726,0,2,0.3787878787878788,S,Second,child,False,Southampton,yes,False,2
536,0,1,male,0.7011638880150991,0,0,0.38311688311688313,S,First,man,True,Southampton,no,True,0
539,1,1,female,0.3394149103491664,0,2,0.7142857142857143,C,First,woman,False,Cherbourg,yes,False,2
541,0,3,female,0.13494809688581316,4,2,0.45129870129870125,S,Third,child,False,Southampton,no,False,6
542,0,3,female,0.16640452972632902,4,2,0.45129870129870125,S,Third,child,False,Southampton,no,False,6
543,1,2,male,0.49669707455174583,1,0,0.37518037518037517,S,Second,man,True,Southampton,yes,False,1
545,0,1,male,1.0,0,0,0.37518037518037517,S,First,man,True,Southampton,no,True,0
546,1,2,female,0.29223026108839256,1,0,0.37518037518037517,S,Second,woman,False,Southampton,yes,False,1
548,0,3,male,0.5124252909720037,1,1,0.29617604617604615,S,Third,man,True,Southampton,no,False,2
549,1,2,male,0.1192198804655552,1,1,0.5303030303030303,S,Second,child,False,Southampton,yes,False,2
551,0,2,male,0.4180559924504561,0,0,0.37518037518037517,S,Second,man,True,Southampton,no,True,0
553,1,3,male,0.3394149103491664,0,0,0.10425685425685426,C,Third,man,True,Cherbourg,yes,True,0
554,1,3,female,0.3394149103491664,0,0,0.11219336219336219,S,Third,woman,False,Southampton,yes,True,0
556,1,1,female,0.7483485372758729,1,0,0.5714285714285714,C,First,woman,False,Cherbourg,yes,False,1
559,1,3,female,0.5596099402327777,1,0,0.2510822510822511,S,Third,woman,False,Southampton,yes,False,1
561,0,3,male,0.6225228059138094,0,0,0.11393650793650795,S,Third,man,True,Southampton,no,True,0
562,0,2,male,0.43378420887071406,0,0,0.19480519480519481,S,Second,man,True,Southampton,no,True,0
565,0,3,male,0.3708713431896823,2,0,0.34848484848484845,S,Third,man,True,Southampton,no,False,2
566,0,3,male,0.29223026108839256,0,0,0.11393650793650795,S,Third,man,True,Southampton,no,True,0
567,0,3,female,0.449512425290972,0,4,0.3041125541125541,S,Third,woman,False,Southampton,no,False,4
569,1,3,male,0.49669707455174583,0,0,0.11333621933621933,S,Third,man,True,Southampton,yes,True,0
570,1,2,male,0.9685435671594841,0,0,0.15151515151515152,S,Second,man,True,Southampton,yes,True,0
571,1,1,female,0.8269896193771626,2,0,0.7428455988455989,S,First,woman,False,Southampton,yes,False,2
572,1,1,male,0.5596099402327777,0,0,0.38077200577200576,S,First,man,True,Southampton,yes,True,0
574,0,3,male,0.24504561182761875,0,0,0.11616161616161617,S,Third,man,True,Southampton,no,True,0
575,0,3,male,0.29223026108839256,0,0,0.20923520923520925,S,Third,man,True,Southampton,no,True,0
576,1,2,female,0.5281535073922617,0,0,0.18759018759018758,S,Second,woman,False,Southampton,yes,True,0
577,1,1,female,0.6067945894935515,1,0,0.8066378066378066,S,First,woman,False,Southampton,yes,False,1
579,1,3,male,0.49669707455174583,0,0,0.11435786435786435,S,Third,man,True,Southampton,yes,True,0
580,1,2,female,0.38659955960994025,1,1,0.4329004329004329,S,Second,woman,False,Southampton,yes,False,2
582,0,2,male,0.8427178357974205,0,0,0.37518037518037517,S,Second,man,True,Southampton,no,True,0
583,0,1,male,0.5596099402327777,0,0,0.579004329004329,C,First,man,True,Cherbourg,no,True,0
586,0,2,male,0.732620320855615,0,0,0.21645021645021645,S,Second,man,True,Southampton,no,True,0
590,0,3,male,0.5438817238125196,0,0,0.10281385281385282,S,Third,man,True,Southampton,no,True,0
592,0,3,male,0.732620320855615,0,0,0.10461760461760462,S,Third,man,True,Southampton,no,True,0
594,0,2,male,0.5753381566530356,1,0,0.37518037518037517,S,Second,man,True,Southampton,no,False,1
595,0,3,male,0.5596099402327777,1,1,0.34848484848484845,S,Third,man,True,Southampton,no,False,2
597,0,3,male,0.7640767536961308,0,0,0.0,S,Third,man,True,Southampton,no,True,0
599,1,1,male,0.7640767536961308,1,0,0.8214891774891775,C,First,man,True,Cherbourg,yes,False,1
600,1,2,female,0.3708713431896823,2,1,0.38961038961038963,S,Second,woman,False,Southampton,yes,False,3
603,0,3,male,0.6854356715948411,0,0,0.11616161616161617,S,Third,man,True,Southampton,no,True,0
604,1,1,male,0.5438817238125196,0,0,0.38311688311688313,C,First,man,True,Cherbourg,yes,True,0
605,0,3,male,0.5596099402327777,1,0,0.22438672438672438,S,Third,man,True,Southampton,no,False,1
606,0,3,male,0.4652406417112299,0,0,0.11393650793650795,S,Third,man,True,Southampton,no,True,0
607,1,1,male,0.4180559924504561,0,0,0.4401154401154401,S,First,man,True,Southampton,yes,True,0
608,1,2,female,0.3394149103491664,1,2,0.599988455988456,C,Second,woman,False,Cherbourg,yes,False,3
610,0,3,female,0.6067945894935515,1,5,0.45129870129870125,S,Third,woman,False,Southampton,no,False,6
615,1,2,female,0.3708713431896823,1,2,0.937950937950938,S,Second,woman,False,Southampton,yes,False,3
616,0,3,male,0.5281535073922617,1,1,0.2077922077922078,S,Third,man,True,Southampton,no,False,2
617,0,3,female,0.4023277760301982,1,0,0.23232323232323235,S,Third,woman,False,Southampton,no,False,1
618,1,2,female,0.056307014784523435,2,1,0.5627705627705628,S,Second,child,False,Southampton,yes,False,3
619,0,2,male,0.4023277760301982,0,0,0.15151515151515152,S,Second,man,True,Southampton,no,True,0
620,0,3,male,0.4180559924504561,1,0,0.20857431457431458,C,Third,man,True,Cherbourg,no,False,1
621,1,1,male,0.6539792387543253,1,0,0.7583578643578643,S,First,man,True,Southampton,yes,False,1
622,1,3,male,0.3079584775086505,1,1,0.22715295815295816,C,Third,man,True,Cherbourg,yes,False,2
623,0,3,male,0.3236866939289085,0,0,0.11333621933621933,S,Third,man,True,Southampton,no,True,0
624,0,3,male,0.3236866939289085,0,0,0.23232323232323235,S,Third,man,True,Southampton,no,True,0
625,0,1,male,0.9528153507392262,0,0,0.46638961038961035,S,First,man,True,Southampton,no,True,0
626,0,2,male,0.8899024850581944,0,0,0.1782106782106782,Q,Second,man,True,Queenstown,no,True,0
628,0,3,male,0.4023277760301982,0,0,0.11393650793650795,S,Third,man,True,Southampton,no,True,0
631,0,3,male,0.7955331865366467,0,0,0.1017922077922078,S,Third,man,True,Southampton,no,True,0
632,1,1,male,0.49669707455174583,0,0,0.4401154401154401,C,First,man,True,Cherbourg,yes,True,0
634,0,3,female,0.13494809688581316,3,2,0.40259740259740256,S,Third,child,False,Southampton,no,False,5
637,0,2,male,0.4809688581314879,1,1,0.3787878787878788,S,Second,man,True,Southampton,no,False,2
638,0,3,female,0.6382510223340673,0,5,0.5726911976911977,S,Third,woman,False,Southampton,no,False,5
642,0,3,female,0.02485058194400755,3,2,0.40259740259740256,S,Third,child,False,Southampton,no,False,5
647,1,1,male,0.8741742686379365,0,0,0.5122655122655123,C,First,man,True,Cherbourg,yes,True,0
649,1,3,female,0.35514312676942433,0,0,0.10894660894660894,S,Third,woman,False,Southampton,yes,True,0
651,1,2,female,0.27650204466813466,0,1,0.3318903318903319,S,Second,woman,False,Southampton,yes,False,1
652,0,3,male,0.3236866939289085,0,0,0.12169264069264069,S,Third,man,True,Southampton,no,True,0
654,0,3,female,0.27650204466813466,0,0,0.09740259740259741,Q,Third,woman,False,Queenstown,no,True,0
657,0,3,female,0.49669707455174583,1,1,0.22366522366522368,Q,Third,woman,False,Queenstown,no,False,2
658,0,2,male,0.35514312676942433,0,0,0.18759018759018758,S,Second,man,True,Southampton,no,True,0
661,0,3,male,0.6225228059138094,0,0,0.10425685425685426,C,Third,man,True,Cherbourg,no,True,0
662,0,1,male,0.732620320855615,0,0,0.3692279942279942,S,First,man,True,Southampton,no,True,0
663,0,3,male,0.5596099402327777,0,0,0.10816450216450217,S,Third,man,True,Southampton,no,True,0
664,1,3,male,0.3079584775086505,1,0,0.11435786435786435,S,Third,man,True,Southampton,yes,False,1
668,0,3,male,0.6697074551745832,0,0,0.11616161616161617,S,Third,man,True,Southampton,no,True,0
670,1,2,female,0.6225228059138094,1,1,0.5627705627705628,S,Second,woman,False,Southampton,yes,False,2
671,0,1,male,0.4809688581314879,1,0,0.7503607503607503,S,First,man,True,Southampton,no,False,1
673,1,2,male,0.4809688581314879,0,0,0.18759018759018758,S,Second,man,True,Southampton,yes,True,0
675,0,3,male,0.27650204466813466,0,0,0.11219336219336219,S,Third,man,True,Southampton,no,True,0
676,0,3,male,0.37873545139981124,0,0,0.11616161616161617,S,Third,man,True,Southampton,no,True,0
677,1,3,female,0.27650204466813466,0,0,0.142015873015873,S,Third,woman,False,Southampton,yes,True,0
678,0,3,female,0.6697074551745832,1,6,0.6767676767676768,S,Third,woman,False,Southampton,no,False,7
682,0,3,male,0.3079584775086505,0,0,0.1331168831168831,S,Third,man,True,Southampton,no,True,0
683,0,3,male,0.21358917898710286,5,2,0.6767676767676768,S,Third,child,False,Southampton,no,False,7
684,0,2,male,0.9370871343189682,1,1,0.5627705627705628,S,Second,man,True,Southampton,no,False,2
685,0,2,male,0.38659955960994025,1,2,0.599988455988456,C,Second,man,True,Cherbourg,no,False,3
686,0,3,male,0.21358917898710286,4,1,0.5726911976911977,S,Third,child,False,Southampton,no,False,5
687,0,3,male,0.29223026108839256,0,0,0.14676479076479076,S,Third,man,True,Southampton,no,True,0
688,0,3,male,0.27650204466813466,0,0,0.11249350649350649,S,Third,man,True,Southampton,no,True,0
690,1,1,male,0.4809688581314879,1,0,0.8225108225108225,S,First,man,True,Southampton,yes,False,1
691,1,3,female,0.056307014784523435,0,1,0.1936031746031746,C,Third,child,False,Cherbourg,yes,False,1
693,0,3,male,0.38659955960994025,0,0,0.10425685425685426,C,Third,man,True,Cherbourg,no,True,0
694,0,1,male,0.9370871343189682,0,0,0.38311688311688313,S,First,man,True,Southampton,no,True,0
695,0,2,male,0.8112614029569047,0,0,0.19480519480519481,S,Second,man,True,Southampton,no,True,0
699,0,3,male,0.6539792387543253,0,0,0.1103896103896104,S,Third,man,True,Southampton,no,True,0
701,1,1,male,0.5438817238125196,0,0,0.37932900432900435,S,First,man,True,Southampton,yes,True,0
702,0,3,female,0.27650204466813466,0,1,0.20857431457431458,C,Third,woman,False,Cherbourg,no,False,1
703,0,3,male,0.38659955960994025,0,0,0.11171284271284271,Q,Third,man,True,Queenstown,no,True,0
704,0,3,male,0.4023277760301982,1,0,0.11333621933621933,S,Third,man,True,Southampton,no,False,1
705,0,2,male,0.6067945894935515,0,0,0.37518037518037517,S,Second,man,True,Southampton,no,True,0
706,1,2,female,0.7011638880150991,0,0,0.19480519480519481,S,Second,woman,False,Southampton,yes,True,0
707,1,1,male,0.6539792387543253,0,0,0.37932900432900435,S,First,man,True,Southampton,yes,True,0
710,1,1,female,0.3708713431896823,0,0,0.7143463203463203,C,First,woman,False,Cherbourg,yes,True,0
712,1,1,male,0.7483485372758729,1,0,0.7503607503607503,S,First,man,True,Southampton,yes,False,1
713,0,3,male,0.449512425290972,0,0,0.13684415584415585,S,Third,man,True,Southampton,no,True,0
714,0,2,male,0.8112614029569047,0,0,0.18759018759018758,S,Second,man,True,Southampton,no,True,0
715,0,3,male,0.29223026108839256,0,0,0.1103896103896104,S,Third,man,True,Southampton,no,True,0
717,1,2,female,0.4180559924504561,0,0,0.15151515151515152,S,Second,woman,False,Southampton,yes,True,0
719,0,3,male,0.5124252909720037,0,0,0.11219336219336219,S,Third,man,True,Southampton,no,True,0
720,1,2,female,0.08776344762503932,0,1,0.47619047619047616,S,Second,child,False,Southampton,yes,False,1
721,0,3,male,0.2607738282478767,1,0,0.1017922077922078,S,Third,man,True,Southampton,no,False,1
722,0,2,male,0.5281535073922617,0,0,0.18759018759018758,S,Second,man,True,Southampton,no,True,0
723,0,2,male,0.7798049701163888,0,0,0.18759018759018758,S,Second,man,True,Southampton,no,True,0
724,1,1,male,0.4180559924504561,1,0,0.7662337662337663,S,First,man,True,Southampton,yes,False,1
725,0,3,male,0.3079584775086505,0,0,0.125,S,Third,man,True,Southampton,no,True,0
726,1,2,female,0.4652406417112299,3,0,0.30303030303030304,S,Second,woman,False,Southampton,yes,False,3
728,0,2,male,0.38659955960994025,1,0,0.37518037518037517,S,Second,man,True,Southampton,no,False,1
729,0,3,female,0.38659955960994025,1,0,0.11435786435786435,S,Third,woman,False,Southampton,no,False,1
731,0,3,male,0.16640452972632902,0,0,0.2711038961038961,C,Third,child,False,Cherbourg,no,True,0
735,0,3,male,0.441648317080843,0,0,0.23232323232323235,S,Third,man,True,Southampton,no,True,0
736,0,3,female,0.7483485372758729,1,3,0.49603174603174605,S,Third,woman,False,Southampton,no,False,4
743,0,3,male,0.3708713431896823,1,0,0.23232323232323235,S,Third,man,True,Southampton,no,False,1
744,1,3,male,0.4809688581314879,0,0,0.11435786435786435,S,Third,man,True,Southampton,yes,True,0
746,0,3,male,0.24504561182761875,1,1,0.2922077922077922,S,Third,man,True,Southampton,no,False,2
747,1,2,female,0.4652406417112299,0,0,0.18759018759018758,S,Second,woman,False,Southampton,yes,True,0
748,0,1,male,0.29223026108839256,1,0,0.7662337662337663,S,First,man,True,Southampton,no,False,1
749,0,3,male,0.4809688581314879,0,0,0.11183261183261184,Q,Third,man,True,Queenstown,no,True,0
750,1,2,female,0.056307014784523435,1,1,0.3318903318903319,S,Second,child,False,Southampton,yes,False,2
751,1,3,male,0.08776344762503932,0,1,0.18001443001443002,S,Third,child,False,Southampton,yes,False,1
752,0,3,male,0.5124252909720037,0,0,0.1370851370851371,S,Third,man,True,Southampton,no,True,0
753,0,3,male,0.35514312676942433,0,0,0.11393650793650795,S,Third,man,True,Southampton,no,True,0
754,1,2,female,0.7483485372758729,1,2,0.937950937950938,S,Second,woman,False,Southampton,yes,False,3
755,1,2,male,0.0039320541050644866,1,1,0.20923520923520925,S,Second,child,False,Southampton,yes,False,2
756,0,3,male,0.43378420887071406,0,0,0.11249350649350649,S,Third,man,True,Southampton,no,True,0
761,0,3,male,0.6382510223340673,0,0,0.10281385281385282,S,Third,man,True,Southampton,no,True,0
762,1,3,male,0.3079584775086505,0,0,0.10431746031746031,C,Third,man,True,Cherbourg,yes,True,0
764,0,3,male,0.24504561182761875,0,0,0.11219336219336219,S,Third,man,True,Southampton,no,True,0
767,0,3,female,0.4731047499213589,0,0,0.11183261183261184,Q,Third,woman,False,Queenstown,no,True,0
769,0,3,male,0.49669707455174583,0,0,0.12067099567099568,S,Third,man,True,Southampton,no,True,0
770,0,3,male,0.3708713431896823,0,0,0.1370851370851371,S,Third,man,True,Southampton,no,True,0
771,0,3,male,0.7483485372758729,0,0,0.11333621933621933,S,Third,man,True,Southampton,no,True,0
772,0,2,female,0.8899024850581944,0,0,0.15151515151515152,S,Second,woman,False,Southampton,no,True,0
774,1,2,female,0.8427178357974205,1,3,0.3318903318903319,S,Second,woman,False,Southampton,yes,False,4
775,0,3,male,0.27650204466813466,0,0,0.11183261183261184,S,Third,man,True,Southampton,no,True,0
777,1,3,female,0.07203523120478138,0,0,0.18001443001443002,S,Third,child,False,Southampton,yes,True,0
780,1,3,female,0.19786096256684493,0,0,0.10431746031746031,C,Third,child,False,Cherbourg,yes,True,0
781,1,1,female,0.2607738282478767,1,0,0.8225108225108225,S,First,woman,False,Southampton,yes,False,1
782,0,1,male,0.449512425290972,0,0,0.4329004329004329,S,First,man,True,Southampton,no,True,0
784,0,3,male,0.38659955960994025,0,0,0.10173160173160173,S,Third,man,True,Southampton,no,True,0
785,0,3,male,0.38659955960994025,0,0,0.10461760461760462,S,Third,man,True,Southampton,no,True,0
786,1,3,female,0.27650204466813466,0,0,0.10816450216450217,S,Third,woman,False,Southampton,yes,True,0
787,0,3,male,0.1192198804655552,4,1,0.4202741702741703,Q,Third,child,False,Queenstown,no,False,5
788,1,3,male,0.009122365523749607,1,2,0.2968975468975469,S,Third,child,False,Southampton,yes,False,3
791,0,2,male,0.24504561182761875,0,0,0.37518037518037517,S,Second,man,True,Southampton,no,True,0
794,0,3,male,0.38659955960994025,0,0,0.11393650793650795,S,Third,man,True,Southampton,no,True,0
795,0,2,male,0.6067945894935515,0,0,0.18759018759018758,S,Second,man,True,Southampton,no,True,0
796,1,1,female,0.7640767536961308,0,0,0.3741587301587302,S,First,woman,False,Southampton,yes,True,0
797,1,3,female,0.4809688581314879,0,0,0.1253001443001443,S,Third,woman,False,Southampton,yes,True,0
798,0,3,male,0.4652406417112299,0,0,0.10431746031746031,C,Third,man,True,Cherbourg,no,True,0
799,0,3,female,0.4652406417112299,1,1,0.34848484848484845,S,Third,woman,False,Southampton,no,False,2
801,1,2,female,0.4809688581314879,1,1,0.3787878787878788,S,Second,woman,False,Southampton,yes,False,2
803,1,3,male,0.0,0,1,0.12289610389610389,C,Third,child,False,Cherbourg,yes,False,1
804,1,3,male,0.4180559924504561,0,0,0.10064935064935064,S,Third,man,True,Southampton,yes,True,0
805,0,3,male,0.4809688581314879,0,0,0.11219336219336219,S,Third,man,True,Southampton,no,True,0
806,0,1,male,0.6067945894935515,0,0,0.0,S,First,man,True,Southampton,no,True,0
807,0,3,female,0.27650204466813466,0,0,0.11219336219336219,S,Third,woman,False,Southampton,no,True,0
809,1,1,female,0.5124252909720037,1,0,0.7662337662337663,S,First,woman,False,Southampton,yes,False,1
810,0,3,male,0.4023277760301982,0,0,0.11381673881673882,S,Third,man,True,Southampton,no,True,0
811,0,3,male,0.6067945894935515,0,0,0.34848484848484845,S,Third,man,True,Southampton,no,True,0
812,0,2,male,0.5438817238125196,0,0,0.15151515151515152,S,Second,man,True,Southampton,no,True,0
813,0,3,female,0.08776344762503932,4,2,0.45129870129870125,S,Third,child,False,Southampton,no,False,6
814,0,3,male,0.4731047499213589,0,0,0.11616161616161617,S,Third,man,True,Southampton,no,True,0
816,0,3,female,0.35514312676942433,0,0,0.11435786435786435,S,Third,woman,False,Southampton,no,True,0
817,0,2,male,0.4809688581314879,1,1,0.53397113997114,C,Second,man,True,Cherbourg,no,False,2
818,0,3,male,0.6697074551745832,0,0,0.09307359307359307,S,Third,man,True,Southampton,no,True,0
819,0,3,male,0.1506763133060711,3,2,0.40259740259740256,S,Third,child,False,Southampton,no,False,5
821,1,3,male,0.4180559924504561,0,0,0.125,S,Third,man,True,Southampton,yes,True,0
822,0,1,male,0.5910663730732935,0,0,0.0,S,First,man,True,Southampton,no,True,0
823,1,3,female,0.4180559924504561,0,1,0.18001443001443002,S,Third,woman,False,Southampton,yes,False,1
824,0,3,male,0.02485058194400755,4,1,0.5726911976911977,S,Third,child,False,Southampton,no,False,5
827,1,2,male,0.009122365523749607,0,2,0.53397113997114,C,Second,child,False,Cherbourg,yes,False,2
830,1,3,female,0.2293173954073608,1,0,0.20857431457431458,C,Third,child,False,Cherbourg,yes,False,1
831,1,2,male,0.006448568732305757,1,1,0.27056277056277056,S,Second,child,False,Southampton,yes,False,2
833,0,3,male,0.35514312676942433,0,0,0.11333621933621933,S,Third,man,True,Southampton,no,True,0
834,0,3,male,0.27650204466813466,0,0,0.11976911976911978,S,Third,man,True,Southampton,no,True,0
836,0,3,male,0.3236866939289085,0,0,0.125,S,Third,man,True,Southampton,no,True,0
840,0,3,male,0.3079584775086505,0,0,0.11435786435786435,S,Third,man,True,Southampton,no,True,0
841,0,2,male,0.24504561182761875,0,0,0.15151515151515152,S,Second,man,True,Southampton,no,True,0
842,1,1,female,0.4652406417112299,0,0,0.44733044733044736,C,First,woman,False,Cherbourg,yes,True,0
843,0,3,male,0.5360176156023907,0,0,0.09289321789321789,C,Third,man,True,Cherbourg,no,True,0
845,0,3,male,0.6539792387543253,0,0,0.10894660894660894,S,Third,man,True,Southampton,no,True,0
847,0,3,male,0.5438817238125196,0,0,0.11393650793650795,C,Third,man,True,Cherbourg,no,True,0
848,0,2,male,0.43378420887071406,0,1,0.47619047619047616,S,Second,man,True,Southampton,no,False,1
850,0,3,male,0.056307014784523435,4,2,0.45129870129870125,S,Third,child,False,Southampton,no,False,6
852,0,3,female,0.13494809688581316,1,1,0.219997113997114,C,Third,child,False,Cherbourg,no,False,2
853,1,1,female,0.24504561182761875,0,1,0.5685425685425686,S,First,woman,False,Southampton,yes,False,1
854,0,2,female,0.6854356715948411,1,0,0.37518037518037517,S,Second,woman,False,Southampton,no,False,1
855,1,3,female,0.27650204466813466,0,1,0.1349206349206349,S,Third,woman,False,Southampton,yes,False,1
857,1,1,male,0.7955331865366467,0,0,0.38311688311688313,S,First,man,True,Southampton,yes,True,0
858,1,3,female,0.3708713431896823,0,3,0.27789754689754687,C,Third,woman,False,Cherbourg,yes,False,3
860,0,3,male,0.6382510223340673,2,0,0.2035829725829726,S,Third,man,True,Southampton,no,False,2
861,0,2,male,0.3236866939289085,1,0,0.16594516594516595,S,Second,man,True,Southampton,no,False,1
862,1,1,female,0.7483485372758729,0,0,0.3741587301587302,S,First,woman,False,Southampton,yes,True,0
864,0,2,male,0.3708713431896823,0,0,0.18759018759018758,S,Second,man,True,Southampton,no,True,0
865,1,2,female,0.6539792387543253,0,0,0.18759018759018758,S,Second,woman,False,Southampton,yes,True,0
866,1,2,female,0.4180559924504561,1,0,0.19997546897546897,C,Second,woman,False,Cherbourg,yes,False,1
867,0,1,male,0.4809688581314879,0,0,0.7286551226551227,S,First,man,True,Southampton,no,True,0
869,1,3,male,0.056307014784523435,1,1,0.16065367965367966,S,Third,child,False,Southampton,yes,False,2
871,1,1,female,0.732620320855615,1,1,0.7583578643578643,S,First,woman,False,Southampton,yes,False,2
872,0,1,male,0.5124252909720037,0,0,0.07215007215007214,S,First,man,True,Southampton,no,True,0
873,0,3,male,0.732620320855615,0,0,0.12987012987012986,S,Third,man,True,Southampton,no,True,0
874,1,2,female,0.43378420887071406,1,0,0.3463203463203463,C,Second,woman,False,Cherbourg,yes,False,1
875,1,3,female,0.2293173954073608,0,0,0.10425685425685426,C,Third,child,False,Cherbourg,yes,True,0
876,0,3,male,0.3079584775086505,0,0,0.14207503607503608,S,Third,man,True,Southampton,no,True,0
880,1,2,female,0.38659955960994025,0,1,0.37518037518037517,S,Second,woman,False,Southampton,yes,False,1
881,0,3,male,0.5124252909720037,0,0,0.11393650793650795,S,Third,man,True,Southampton,no,True,0
882,0,3,female,0.3394149103491664,0,0,0.15175613275613276,S,Third,woman,False,Southampton,no,True,0
883,0,2,male,0.43378420887071406,0,0,0.15151515151515152,S,Second,man,True,Southampton,no,True,0
885,0,3,female,0.6067945894935515,0,5,0.4202741702741703,Q,Third,woman,False,Queenstown,no,False,5
887,1,1,female,0.29223026108839256,0,0,0.4329004329004329,S,First,woman,False,Southampton,yes,True,0
889,1,1,male,0.4023277760301982,0,0,0.4329004329004329,C,First,man,True,Cherbourg,yes,True,0
890,0,3,male,0.49669707455174583,0,0,0.11183261183261184,Q,Third,man,True,Queenstown,no,True,0
